{
    "0.33": {
        "values": [
            [
                0.14,
                0.02564102564102564
            ],
            [
                0.14,
                0.05128205128205128
            ],
            [
                0.14,
                0.07692307692307693
            ],
            [
                0.14,
                0.10256410256410256
            ],
            [
                0.14,
                0.1282051282051282
            ],
            [
                0.15,
                0.15384615384615385
            ],
            [
                0.16,
                0.1794871794871795
            ],
            [
                0.15,
                0.20512820512820512
            ],
            [
                0.22,
                0.23076923076923078
            ],
            [
                0.32,
                0.2564102564102564
            ],
            [
                0.38,
                0.28205128205128205
            ],
            [
                0.55,
                0.3076923076923077
            ],
            [
                0.68,
                0.3333333333333333
            ],
            [
                0.95,
                0.358974358974359
            ],
            [
                1.0,
                0.38461538461538464
            ]
        ],
        "0.66" : {
            "training_depth" : [
                1,
                2,
                3,
                4,
                5,
                6,
                6,
                6,
                6,
                6,
                6,
                6,
                6,
                6,
                6]
            },

        "1.0" : {
            "training_depth" : [
                1,
                2,
                3,
                4,
                5,
                6,
                7,
                8,
                9,
                10,
                11,
                12,
                13,
                14,
                15]

            }

    },

    "0.66":
    {
        "values": [
            [
                0.58,
                0.02564102564102564
            ],
            [
                0.60,
                0.05128205128205128
            ],
            [
                0.63,
                0.07692307692307693
            ],
            [
                0.66,
                0.10256410256410256
            ],
            [
                0.68,
                0.1282051282051282
            ],
            [
                0.74,
                0.15384615384615385
            ],
            [
                0.81,
                0.1794871794871795
            ],
            [
                0.91,
                0.20512820512820512
            ],
            [
                0.99,
                0.23076923076923078
            ],
            [
                1.0,
                0.2564102564102564
            ]
        ]
    }
}